video_id,title,publishedAt,channelId,channelTitle,categoryId,viewCount,likeCount,commentCount
F7dJY0jkpyU,YoungBoy Never Broke Again - Where I Been / Shot Callin [Official Video],2025-05-03 00:42:17+00:00,UClW4jraMKz6Qj69lJf-tODA,YoungBoy Never Broke Again,10,1281171,170934,21087
KihGo9jd2As,RYAN GARCIA VS ROLANDO ROMERO | FIGHT HIGHLIGHTS,2025-05-03 02:41:31+00:00,UCurvRE5fGcdUgCYWgh-BDsg,DAZN Boxing,17,1352987,16855,4364
T2XTfmx7pCw,DDG - what i prefer (Official Music Video),2025-05-02 04:00:06+00:00,UC9OAeZY8zp976DwRvHGjuSA,DDGVEVO,10,799496,74280,8127
fZzB6kTXbrU,I was almost in Squid Game.,2025-05-02 17:02:27+00:00,UCGwu0nbY2wSkW8N-cghnLpA,JaidenAnimations,1,2814586,225478,8603
u0GCwJcOHxw,Why is Everything So Boring Now?,2025-05-02 19:13:08+00:00,UC7zsxKqd5MicTf4VhS9Y74g,Kurtis Conner,23,1126283,94187,8535
-K8jSo03dEk,"planes if they were 10,000 times better",2025-05-03 02:01:54+00:00,UCOsATJw-IZgqGT8MFrHjKGg,Ice Cream Sandwich,23,545548,62476,3388
ujP_-W5d3pE,Fortnite *SEASON 3* is HERE! (Star Wars),2025-05-02 13:38:09+00:00,UCqVCSWnuOSPm26orvNDTuWQ,TG Plays,20,868855,12637,934
YXYerrQNFcE,Kelly Clarkson - Where Have You Been (Official Music Video),2025-05-02 23:00:37+00:00,UCoRUmyNL8KEYftmxRA2n3SQ,Kelly Clarkson,10,337247,23363,1871
M5RiDEfnPVU,Ivan Cornejo - Me Prometí (Lyric Video),2025-05-02 00:00:06+00:00,UCW1QQBeFN9OU87lMcv3jClg,Ivan Cornejo,10,837638,82359,5844
MFA97mQk2W4,Athletic Club vs. Man. United: Extended Highlights | UEL Semi-final Leg 1 | CBS Sports Golazo,2025-05-01 21:27:36+00:00,UCf8YPuOWXlpTS7RibaJlP4g,CBS Sports Golazo - Europe,17,693313,7955,2450
1DtRwUruDz8,Jarahn - Laif Blo Today ft. Pettz (Audio),2025-04-29 14:51:48+00:00,UC44awJ49tZNNMliYVPQDdmA,Jarahn,10,29685,1552,156
vaGf8fmtBr4,Maroon 5 - Priceless ft. LISA (Official Video),2025-05-02 04:00:07+00:00,UCN1hnUccO4FD5WfM7ithXaw,Maroon5VEVO,10,5694425,499414,42039
Calj9oDA88c,Rejected bull just wants to be everyone's friend,2025-05-02 17:45:59+00:00,UC7_VH_kj0aD9vhuHmFheUYQ,GeoBeats Animals,15,363541,24560,1346
0u7defN21Zk,State of Origin 2025 Match Highlights | QLD Maroons v NSW Blues | Game 1,2025-05-01 11:44:37+00:00,UCME0EifJ3Xm3mGmLdBz1Kyw,NRLW - National Rugby League Women's,17,77251,934,116
MHwgretY6mA,"""Before the demon arrives, cloaked in its sweetest guise."" 💗",2025-05-02 13:00:37+00:00,UCDhz7pDsmSL-5TjuB3zmlWQ,CookieRun: Kingdom,20,533831,49061,3123
F3cqUonESsA,Paradise of Passion and Sloth 💞,2025-05-02 13:00:33+00:00,UCDhz7pDsmSL-5TjuB3zmlWQ,CookieRun: Kingdom,20,807124,74726,7180
xfRKIZIpzIc,Can We Drop A Coin Into A Piggy Bank From 45m?,2025-05-02 22:01:05+00:00,UC5f5IV0Bf79YLp_p9nfInRA,How Ridiculous,17,448679,19913,1560
AOaDIy9sttk,CboysTV Cheap Car Challenge (Part 2),2025-05-02 00:00:06+00:00,UCBNnILlexKYtJu-EGUvq_iA,CboysTV,22,1534063,63181,4704
sXROaLASDGo,Ángela Aguilar - El Equivocado (Video Oficial),2025-05-02 00:00:06+00:00,UCugX5B6n1jtQq2ihzhRk-Ag,Angela Aguilar Oficial,10,1539770,54407,17072
8aRTMQvbODs,TXT (투모로우바이투게더) 'Love Language' Official MV,2025-05-02 03:58:07+00:00,UC3IZKseVpdzPSBaWxBxundA,HYBE LABELS,10,9369963,379700,35943
CVt4nCsJnzg,Anuel AA - BUGATTI (Video Oficial),2025-05-02 00:00:06+00:00,UCRI7hheejBbWS6etTNwMT0g,Anuel AA,10,2958783,241531,16434
R-N--obb4sw,TotalEnergies BWF Sudirman Cup Finals 2025 | Thailand vs. Indonesia | Quarterfinals,2025-05-02 13:21:52+00:00,UChh-akEbUM8_6ghGVnJd6cQ,BWF TV,17,246501,471,127
a0BJg4c064Q,Gnarly (Clean ver.) - KATSEYE キャッツアイ 캣츠아이 [Music Bank] | KBS WORLD TV 250502,2025-05-02 08:47:04+00:00,UC5BMQOsAB8hKUyHu9KI6yig,KBS WORLD TV,24,879020,63569,2430
p2uYT8BQefA,ELDEN RING NIGHTREIGN | Overview Trailer,2025-05-02 13:55:11+00:00,UCETrNUjuH4EoRdZNFx9EI-A,BANDAI NAMCO Europe,20,676043,42240,3764
ZXAcTToLy_Y,TABLO X RM - Stop The Rain (Official MV),2025-05-02 04:00:06+00:00,UCTcEu0jaf3DrsTjnGwwvsvA,EPIK HIGH,10,1165345,254047,28878
XDfkckurtmE,Imperial Takeover | Fortnite Galactic Battle Gameplay Trailer,2025-05-02 06:00:18+00:00,UClG8odDC8TS6Zpqk9CGVQiQ,Fortnite,22,748212,31229,2309
Q4d5PPd_ovE,Kodak Black - Soleboy [Official Music Video],2025-05-01 20:12:24+00:00,UChEYVadfkMCfrKUi6qr3I1Q,Kodak Black,10,564473,33420,2567
irX9l911hvM,Kyle Richh - In Ur Eyes Freestyle @kjshotit,2025-05-01 21:00:07+00:00,UCX2SLlA0MtwHnCArQRJ82-w,Kyle Richh,10,260587,25641,883
iDzAmxY2i6Q,Fortnite Galactic Battle Cinematic Trailer,2025-05-01 13:59:46+00:00,UClG8odDC8TS6Zpqk9CGVQiQ,Fortnite,22,1503558,71767,5101
ramOeIZ8SGQ,BREAKING: GTA 6 Has Been Officially Delayed to 2026,2025-05-02 12:33:03+00:00,UC72PuhDwKtZ5MikpGNhPAtA,TGG,20,379743,20243,7349
yDhvBUy5Tpc,We Built The World's First HELLEPHANT Swapped SUPRA!,2025-05-01 19:10:33+00:00,UC2Mr_YNd6liFrL5YbKaNxSQ,ScrapLifeLee,2,525122,23461,1107
946yGX5o-Js,'최초 공개' KATSEYE - Gnarly (Clean ver.) #엠카운트다운 EP.886 | Mnet 250501 방송,2025-05-01 10:44:13+00:00,UCbD8EppRX3ZwJSou-TVo90A,Mnet K-POP,24,1711308,106245,7296
-au0-3OTCdk,Pensando en ti,2025-05-01 23:00:05+00:00,UCY0WTkxT6ARtnfaK8hB5o5A,Keysie SM,10,412364,85778,6552
OkWt2e-eSVQ,Barcelona vs. Inter: Extended Highlights | UCL Semi-final Leg 1 | CBS Sports Golazo,2025-04-30 21:19:22+00:00,UCET00YnetHT7tOpu12v8jxg,CBS Sports Golazo,17,1722630,24810,3644
UPPD-UkfWNM,Amazon VS Temu Dirt Bikes Challenge!,2025-05-01 16:54:04+00:00,UCv9rbAUUpoW0k8MP2R4UEJA,JStuStudios,24,687250,11889,854
oYhpREYQNM8,We're Having a Crisis...,2025-05-01 18:14:21+00:00,UCVe_RrR9AMeY6Z8ixOv5gtw,Ryland vlogs,22,313760,14003,1291
Qs3q_yq9X3Q,FULL Star Wars Fortnite Battle Pass..!! (Chapter 6 Season 3),2025-05-02 06:27:51+00:00,UC3_ASPgD-kYhRSoxAb79_Sw,HYPEX,20,324581,8472,1418
adlFU1QUyog,I Tested the World's Most Unique Gyms,2025-05-01 15:59:11+00:00,UCEjIjshJ8bvvCkGNk0pkYcA,Jesse James West,17,965184,40491,1115
w61xTTQ-2Jw,Mamá ( Video Oficial ) - Mario Bautista & Kim Loaiza,2025-05-01 23:56:51+00:00,UCI8F_Ztv2ypr3ecbh9HT8qQ,Mario Bautista,10,1222890,149429,32990
sY7cQNx4Hg4,The Design of Airline Route Networks,2025-05-01 14:36:16+00:00,UC9RM-iSvTu1uPJb8X5yp3EQ,Wendover Productions,27,601247,17734,793
WtXe0nUXaKQ,"Pokémon, but everything is wrong",2025-05-01 21:12:13+00:00,UCBODyKF0JMbUd6D9Bklyzbw,Alpharad,20,477531,24748,689
caomkg4V0RE,ENTIRE Chapter 6 - Season 3 Battle Pass (Fortnite: Star Wars),2025-05-02 06:34:00+00:00,UCSjnUhv1qzvNjQtzJWnLCFw,Shiina,20,165522,3777,786
RDdUg79wsoE,"I Added a 1 in 4,397,575 Ore in Minecraft",2025-05-01 21:00:33+00:00,UCke6I9N4KfC968-yRcd5YRg,SSundee,20,1002998,34000,1377
0FwBHrVuMJc,The Airplane Crash Conspiracy,2025-05-01 02:18:21+00:00,UC3cpN6gcJQqcCM6mxRUo_dA,Wendigoon,24,980109,59683,4543
Emt5Sez9jhc,Mysteries of the Sea Vol 2: Ghost Ships & Unexplained Maritime Disappearances,2025-05-01 02:00:06+00:00,UCIFk2uvCNcEmZ77g0ESKLcQ,The Why Files,28,956186,62067,2513
wsPjSo1ke90,Ranking EVERY Chain Restaurant...,2025-04-30 18:15:05+00:00,UCYF1kiTFCcYPqGTqXKt3JJg,Papa Meat,23,1150122,60263,5681
6fOuTWpOMAg,NORTH vs SOUTH Football Challenges 2,2025-04-30 21:01:54+00:00,UCQ-YJstgVdAiCT52TiBWDbg,ChrisMD,24,1867281,74023,3054
YwkRJjbH_sg,DREAMLAND! ATHLETIC CLUB 0-3 MAN UNITED GOLDBRIDGE MATCH REACTION,2025-05-01 21:45:03+00:00,UCMmVPVb0BwSIOWVeDwlPocQ,The United Stand,17,341654,11635,1031
EAdh6m3E3UI,【Graduation 3D Mini Live - Gawr Gura】,2025-05-01 00:40:43+00:00,UCoSrY_IQQVpmIRZ9Xf-y93g,Gawr Gura Ch. hololive-EN,20,1956193,224751,20015
OQF8uCDNqqI,Local Elections: What the Hell Happened Last Night?,2025-05-02 09:00:24+00:00,UCSMqateX8OA2s1wsOR2EgJA,TLDR News,25,372461,9777,2926
